﻿<?xml version="1.0" encoding="utf-8"?>
<abapGit version="v1.0.0" serializer="LCL_OBJECT_CLAS" serializer_version="v1.0.0">
 <asx:abap xmlns:asx="http://www.sap.com/abapxml" version="1.0">
  <asx:values>
   <VSEOCLASS>
    <CLSNAME>ZCL_ZMM_PO_GOOD_RECEIP_MPC</CLSNAME>
    <LANGU>F</LANGU>
    <DESCRIPT>ZCL_ZMM_PO_GOOD_RECEIP_MPC</DESCRIPT>
    <STATE>1</STATE>
    <CLSCCINCL>X</CLSCCINCL>
    <FIXPT>X</FIXPT>
    <UNICODE>X</UNICODE>
   </VSEOCLASS>
   <TPOOL>
    <item>
     <ID>I</ID>
     <KEY>001</KEY>
     <ENTRY>Commande d&apos;achat</ENTRY>
     <LENGTH>132</LENGTH>
    </item>
    <item>
     <ID>I</ID>
     <KEY>002</KEY>
     <ENTRY>Nom Fournisseur</ENTRY>
     <LENGTH>132</LENGTH>
    </item>
    <item>
     <ID>I</ID>
     <KEY>003</KEY>
     <ENTRY>Poste de commande d&apos;achat</ENTRY>
     <LENGTH>132</LENGTH>
    </item>
    <item>
     <ID>I</ID>
     <KEY>004</KEY>
     <ENTRY>Nom Division</ENTRY>
     <LENGTH>132</LENGTH>
    </item>
    <item>
     <ID>I</ID>
     <KEY>005</KEY>
     <ENTRY>Désignation Magasin</ENTRY>
     <LENGTH>132</LENGTH>
    </item>
    <item>
     <ID>I</ID>
     <KEY>006</KEY>
     <ENTRY>Désignation Article</ENTRY>
     <LENGTH>132</LENGTH>
    </item>
    <item>
     <ID>I</ID>
     <KEY>007</KEY>
     <ENTRY>Lots (aide à la recherche)</ENTRY>
     <LENGTH>132</LENGTH>
    </item>
    <item>
     <ID>I</ID>
     <KEY>008</KEY>
     <ENTRY>Magasins (aide à la recherche)</ENTRY>
     <LENGTH>132</LENGTH>
    </item>
    <item>
     <ID>I</ID>
     <KEY>009</KEY>
     <ENTRY>Désignation Magasin</ENTRY>
     <LENGTH>132</LENGTH>
    </item>
    <item>
     <ID>I</ID>
     <KEY>010</KEY>
     <ENTRY>Divisions (aide à la recherche)</ENTRY>
     <LENGTH>132</LENGTH>
    </item>
    <item>
     <ID>I</ID>
     <KEY>011</KEY>
     <ENTRY>Nom Division</ENTRY>
     <LENGTH>132</LENGTH>
    </item>
    <item>
     <ID>I</ID>
     <KEY>012</KEY>
     <ENTRY>Commande d&apos;achat (aide à la recherche)</ENTRY>
     <LENGTH>132</LENGTH>
    </item>
    <item>
     <ID>I</ID>
     <KEY>013</KEY>
     <ENTRY>Date pièce</ENTRY>
     <LENGTH>132</LENGTH>
    </item>
    <item>
     <ID>I</ID>
     <KEY>014</KEY>
     <ENTRY>Fournisseur</ENTRY>
     <LENGTH>132</LENGTH>
    </item>
    <item>
     <ID>I</ID>
     <KEY>015</KEY>
     <ENTRY>Organis. achats</ENTRY>
     <LENGTH>132</LENGTH>
    </item>
    <item>
     <ID>I</ID>
     <KEY>016</KEY>
     <ENTRY>Grpe acheteurs</ENTRY>
     <LENGTH>132</LENGTH>
    </item>
    <item>
     <ID>I</ID>
     <KEY>017</KEY>
     <ENTRY>Date document</ENTRY>
     <LENGTH>132</LENGTH>
    </item>
    <item>
     <ID>I</ID>
     <KEY>018</KEY>
     <ENTRY>Catég. document</ENTRY>
     <LENGTH>132</LENGTH>
    </item>
    <item>
     <ID>I</ID>
     <KEY>019</KEY>
     <ENTRY>Type commande</ENTRY>
     <LENGTH>132</LENGTH>
    </item>
    <item>
     <ID>I</ID>
     <KEY>020</KEY>
     <ENTRY>Document achat</ENTRY>
     <LENGTH>132</LENGTH>
    </item>
    <item>
     <ID>I</ID>
     <KEY>021</KEY>
     <ENTRY>Adresse livraison unique</ENTRY>
     <LENGTH>132</LENGTH>
    </item>
    <item>
     <ID>I</ID>
     <KEY>022</KEY>
     <ENTRY>Nom adresse</ENTRY>
     <LENGTH>132</LENGTH>
    </item>
    <item>
     <ID>I</ID>
     <KEY>023</KEY>
     <ENTRY>Nom adresse</ENTRY>
     <LENGTH>132</LENGTH>
    </item>
    <item>
     <ID>I</ID>
     <KEY>024</KEY>
     <ENTRY>Document achat</ENTRY>
     <LENGTH>132</LENGTH>
    </item>
    <item>
     <ID>I</ID>
     <KEY>025</KEY>
     <ENTRY>Groupe acheteur</ENTRY>
     <LENGTH>132</LENGTH>
    </item>
    <item>
     <ID>I</ID>
     <KEY>026</KEY>
     <ENTRY>Tel. Fournisseur</ENTRY>
     <LENGTH>132</LENGTH>
    </item>
    <item>
     <ID>I</ID>
     <KEY>027</KEY>
     <ENTRY>Note</ENTRY>
     <LENGTH>132</LENGTH>
    </item>
    <item>
     <ID>I</ID>
     <KEY>028</KEY>
     <ENTRY>modifier</ENTRY>
     <LENGTH>132</LENGTH>
    </item>
    <item>
     <ID>I</ID>
     <KEY>029</KEY>
     <ENTRY>modifier</ENTRY>
     <LENGTH>132</LENGTH>
    </item>
    <item>
     <ID>I</ID>
     <KEY>030</KEY>
     <ENTRY>Désignation centre de coûts</ENTRY>
     <LENGTH>132</LENGTH>
    </item>
    <item>
     <ID>I</ID>
     <KEY>031</KEY>
     <ENTRY>Description centre de coûts</ENTRY>
     <LENGTH>132</LENGTH>
    </item>
    <item>
     <ID>I</ID>
     <KEY>032</KEY>
     <ENTRY>Désignation Elément d&apos;OTP</ENTRY>
     <LENGTH>132</LENGTH>
    </item>
   </TPOOL>
   <DESCRIPTIONS>
    <SEOCOMPOTX>
     <CLSNAME>ZCL_ZMM_PO_GOOD_RECEIP_MPC</CLSNAME>
     <CMPNAME>DEFINE_ASSOCIATIONS</CMPNAME>
     <LANGU>F</LANGU>
     <DESCRIPT>DEFINE_ASSOCIATIONS</DESCRIPT>
    </SEOCOMPOTX>
    <SEOCOMPOTX>
     <CLSNAME>ZCL_ZMM_PO_GOOD_RECEIP_MPC</CLSNAME>
     <CMPNAME>DEFINE_BATCHSH</CMPNAME>
     <LANGU>F</LANGU>
     <DESCRIPT>DEFINE_BATCHSH</DESCRIPT>
    </SEOCOMPOTX>
    <SEOCOMPOTX>
     <CLSNAME>ZCL_ZMM_PO_GOOD_RECEIP_MPC</CLSNAME>
     <CMPNAME>DEFINE_DUMMYFORSMARTFIELD</CMPNAME>
     <LANGU>F</LANGU>
     <DESCRIPT>DEFINE_DUMMYFORSMARTFIELD</DESCRIPT>
    </SEOCOMPOTX>
    <SEOCOMPOTX>
     <CLSNAME>ZCL_ZMM_PO_GOOD_RECEIP_MPC</CLSNAME>
     <CMPNAME>DEFINE_FILEUPLOAD</CMPNAME>
     <LANGU>F</LANGU>
     <DESCRIPT>DEFINE_FILEUPLOAD</DESCRIPT>
    </SEOCOMPOTX>
    <SEOCOMPOTX>
     <CLSNAME>ZCL_ZMM_PO_GOOD_RECEIP_MPC</CLSNAME>
     <CMPNAME>DEFINE_PLANTSH</CMPNAME>
     <LANGU>F</LANGU>
     <DESCRIPT>DEFINE_PLANTSH</DESCRIPT>
    </SEOCOMPOTX>
    <SEOCOMPOTX>
     <CLSNAME>ZCL_ZMM_PO_GOOD_RECEIP_MPC</CLSNAME>
     <CMPNAME>DEFINE_PURCHASEORDER</CMPNAME>
     <LANGU>F</LANGU>
     <DESCRIPT>DEFINE_PURCHASEORDER</DESCRIPT>
    </SEOCOMPOTX>
    <SEOCOMPOTX>
     <CLSNAME>ZCL_ZMM_PO_GOOD_RECEIP_MPC</CLSNAME>
     <CMPNAME>DEFINE_PURCHASEORDERITEM</CMPNAME>
     <LANGU>F</LANGU>
     <DESCRIPT>DEFINE_PURCHASEORDERITEM</DESCRIPT>
    </SEOCOMPOTX>
    <SEOCOMPOTX>
     <CLSNAME>ZCL_ZMM_PO_GOOD_RECEIP_MPC</CLSNAME>
     <CMPNAME>DEFINE_PURCHASEORDERPERVENDORS</CMPNAME>
     <LANGU>F</LANGU>
     <DESCRIPT>DEFINE_PURCHASEORDERPERVENDORS</DESCRIPT>
    </SEOCOMPOTX>
    <SEOCOMPOTX>
     <CLSNAME>ZCL_ZMM_PO_GOOD_RECEIP_MPC</CLSNAME>
     <CMPNAME>DEFINE_PURCHASEORDERSH</CMPNAME>
     <LANGU>F</LANGU>
     <DESCRIPT>DEFINE_PURCHASEORDERSH</DESCRIPT>
    </SEOCOMPOTX>
    <SEOCOMPOTX>
     <CLSNAME>ZCL_ZMM_PO_GOOD_RECEIP_MPC</CLSNAME>
     <CMPNAME>DEFINE_STORAGELOCATIONSH</CMPNAME>
     <LANGU>F</LANGU>
     <DESCRIPT>DEFINE_STORAGELOCATIONSH</DESCRIPT>
    </SEOCOMPOTX>
    <SEOCOMPOTX>
     <CLSNAME>ZCL_ZMM_PO_GOOD_RECEIP_MPC</CLSNAME>
     <CMPNAME>LOAD_TEXT_ELEMENTS</CMPNAME>
     <LANGU>F</LANGU>
     <DESCRIPT>LOAD_TEXT_ELEMENTS</DESCRIPT>
    </SEOCOMPOTX>
   </DESCRIPTIONS>
  </asx:values>
 </asx:abap>
</abapGit>
