﻿<?xml version="1.0" encoding="utf-8"?>
<abapGit version="v1.0.0" serializer="LCL_OBJECT_CLAS" serializer_version="v1.0.0">
 <asx:abap xmlns:asx="http://www.sap.com/abapxml" version="1.0">
  <asx:values>
   <VSEOCLASS>
    <CLSNAME>ZCL_ZMM_PO_GOOD_RECEIP_DPC</CLSNAME>
    <LANGU>F</LANGU>
    <DESCRIPT>Data Provider Base Class</DESCRIPT>
    <STATE>1</STATE>
    <CLSCCINCL>X</CLSCCINCL>
    <FIXPT>X</FIXPT>
    <UNICODE>X</UNICODE>
   </VSEOCLASS>
   <DESCRIPTIONS>
    <SEOCOMPOTX>
     <CLSNAME>ZCL_ZMM_PO_GOOD_RECEIP_DPC</CLSNAME>
     <CMPNAME>BATCHSHSET_CREATE_ENTITY</CMPNAME>
     <LANGU>F</LANGU>
     <DESCRIPT>Related EntitySet Name: BatchSHSet</DESCRIPT>
    </SEOCOMPOTX>
    <SEOCOMPOTX>
     <CLSNAME>ZCL_ZMM_PO_GOOD_RECEIP_DPC</CLSNAME>
     <CMPNAME>BATCHSHSET_DELETE_ENTITY</CMPNAME>
     <LANGU>F</LANGU>
     <DESCRIPT>Related EntitySet Name: BatchSHSet</DESCRIPT>
    </SEOCOMPOTX>
    <SEOCOMPOTX>
     <CLSNAME>ZCL_ZMM_PO_GOOD_RECEIP_DPC</CLSNAME>
     <CMPNAME>BATCHSHSET_GET_ENTITY</CMPNAME>
     <LANGU>F</LANGU>
     <DESCRIPT>Related EntitySet Name: BatchSHSet</DESCRIPT>
    </SEOCOMPOTX>
    <SEOCOMPOTX>
     <CLSNAME>ZCL_ZMM_PO_GOOD_RECEIP_DPC</CLSNAME>
     <CMPNAME>BATCHSHSET_GET_ENTITYSET</CMPNAME>
     <LANGU>F</LANGU>
     <DESCRIPT>Related EntitySet Name: BatchSHSet</DESCRIPT>
    </SEOCOMPOTX>
    <SEOCOMPOTX>
     <CLSNAME>ZCL_ZMM_PO_GOOD_RECEIP_DPC</CLSNAME>
     <CMPNAME>BATCHSHSET_UPDATE_ENTITY</CMPNAME>
     <LANGU>F</LANGU>
     <DESCRIPT>Related EntitySet Name: BatchSHSet</DESCRIPT>
    </SEOCOMPOTX>
    <SEOCOMPOTX>
     <CLSNAME>ZCL_ZMM_PO_GOOD_RECEIP_DPC</CLSNAME>
     <CMPNAME>DUMMYFORSMARTFIE_CREATE_ENTITY</CMPNAME>
     <LANGU>F</LANGU>
     <DESCRIPT>Related EntitySet Name: DummyForSmartFieldSet</DESCRIPT>
    </SEOCOMPOTX>
    <SEOCOMPOTX>
     <CLSNAME>ZCL_ZMM_PO_GOOD_RECEIP_DPC</CLSNAME>
     <CMPNAME>DUMMYFORSMARTFIE_DELETE_ENTITY</CMPNAME>
     <LANGU>F</LANGU>
     <DESCRIPT>Related EntitySet Name: DummyForSmartFieldSet</DESCRIPT>
    </SEOCOMPOTX>
    <SEOCOMPOTX>
     <CLSNAME>ZCL_ZMM_PO_GOOD_RECEIP_DPC</CLSNAME>
     <CMPNAME>DUMMYFORSMARTFIE_GET_ENTITY</CMPNAME>
     <LANGU>F</LANGU>
     <DESCRIPT>Related EntitySet Name: DummyForSmartFieldSet</DESCRIPT>
    </SEOCOMPOTX>
    <SEOCOMPOTX>
     <CLSNAME>ZCL_ZMM_PO_GOOD_RECEIP_DPC</CLSNAME>
     <CMPNAME>DUMMYFORSMARTFIE_GET_ENTITYSET</CMPNAME>
     <LANGU>F</LANGU>
     <DESCRIPT>Related EntitySet Name: DummyForSmartFieldSet</DESCRIPT>
    </SEOCOMPOTX>
    <SEOCOMPOTX>
     <CLSNAME>ZCL_ZMM_PO_GOOD_RECEIP_DPC</CLSNAME>
     <CMPNAME>DUMMYFORSMARTFIE_UPDATE_ENTITY</CMPNAME>
     <LANGU>F</LANGU>
     <DESCRIPT>Related EntitySet Name: DummyForSmartFieldSet</DESCRIPT>
    </SEOCOMPOTX>
    <SEOCOMPOTX>
     <CLSNAME>ZCL_ZMM_PO_GOOD_RECEIP_DPC</CLSNAME>
     <CMPNAME>FILEUPLOADSET_CREATE_ENTITY</CMPNAME>
     <LANGU>F</LANGU>
     <DESCRIPT>Related EntitySet Name: FileUploadSet</DESCRIPT>
    </SEOCOMPOTX>
    <SEOCOMPOTX>
     <CLSNAME>ZCL_ZMM_PO_GOOD_RECEIP_DPC</CLSNAME>
     <CMPNAME>FILEUPLOADSET_DELETE_ENTITY</CMPNAME>
     <LANGU>F</LANGU>
     <DESCRIPT>Related EntitySet Name: FileUploadSet</DESCRIPT>
    </SEOCOMPOTX>
    <SEOCOMPOTX>
     <CLSNAME>ZCL_ZMM_PO_GOOD_RECEIP_DPC</CLSNAME>
     <CMPNAME>FILEUPLOADSET_GET_ENTITY</CMPNAME>
     <LANGU>F</LANGU>
     <DESCRIPT>Related EntitySet Name: FileUploadSet</DESCRIPT>
    </SEOCOMPOTX>
    <SEOCOMPOTX>
     <CLSNAME>ZCL_ZMM_PO_GOOD_RECEIP_DPC</CLSNAME>
     <CMPNAME>FILEUPLOADSET_GET_ENTITYSET</CMPNAME>
     <LANGU>F</LANGU>
     <DESCRIPT>Related EntitySet Name: FileUploadSet</DESCRIPT>
    </SEOCOMPOTX>
    <SEOCOMPOTX>
     <CLSNAME>ZCL_ZMM_PO_GOOD_RECEIP_DPC</CLSNAME>
     <CMPNAME>FILEUPLOADSET_UPDATE_ENTITY</CMPNAME>
     <LANGU>F</LANGU>
     <DESCRIPT>Related EntitySet Name: FileUploadSet</DESCRIPT>
    </SEOCOMPOTX>
    <SEOCOMPOTX>
     <CLSNAME>ZCL_ZMM_PO_GOOD_RECEIP_DPC</CLSNAME>
     <CMPNAME>PLANTSHSET_CREATE_ENTITY</CMPNAME>
     <LANGU>F</LANGU>
     <DESCRIPT>Related EntitySet Name: PlantSHSet</DESCRIPT>
    </SEOCOMPOTX>
    <SEOCOMPOTX>
     <CLSNAME>ZCL_ZMM_PO_GOOD_RECEIP_DPC</CLSNAME>
     <CMPNAME>PLANTSHSET_DELETE_ENTITY</CMPNAME>
     <LANGU>F</LANGU>
     <DESCRIPT>Related EntitySet Name: PlantSHSet</DESCRIPT>
    </SEOCOMPOTX>
    <SEOCOMPOTX>
     <CLSNAME>ZCL_ZMM_PO_GOOD_RECEIP_DPC</CLSNAME>
     <CMPNAME>PLANTSHSET_GET_ENTITY</CMPNAME>
     <LANGU>F</LANGU>
     <DESCRIPT>Related EntitySet Name: PlantSHSet</DESCRIPT>
    </SEOCOMPOTX>
    <SEOCOMPOTX>
     <CLSNAME>ZCL_ZMM_PO_GOOD_RECEIP_DPC</CLSNAME>
     <CMPNAME>PLANTSHSET_GET_ENTITYSET</CMPNAME>
     <LANGU>F</LANGU>
     <DESCRIPT>Related EntitySet Name: PlantSHSet</DESCRIPT>
    </SEOCOMPOTX>
    <SEOCOMPOTX>
     <CLSNAME>ZCL_ZMM_PO_GOOD_RECEIP_DPC</CLSNAME>
     <CMPNAME>PLANTSHSET_UPDATE_ENTITY</CMPNAME>
     <LANGU>F</LANGU>
     <DESCRIPT>Related EntitySet Name: PlantSHSet</DESCRIPT>
    </SEOCOMPOTX>
    <SEOCOMPOTX>
     <CLSNAME>ZCL_ZMM_PO_GOOD_RECEIP_DPC</CLSNAME>
     <CMPNAME>PURCHASEORDERITE_CREATE_ENTITY</CMPNAME>
     <LANGU>F</LANGU>
     <DESCRIPT>Related EntitySet Name: PurchaseOrderItemSet</DESCRIPT>
    </SEOCOMPOTX>
    <SEOCOMPOTX>
     <CLSNAME>ZCL_ZMM_PO_GOOD_RECEIP_DPC</CLSNAME>
     <CMPNAME>PURCHASEORDERITE_DELETE_ENTITY</CMPNAME>
     <LANGU>F</LANGU>
     <DESCRIPT>Related EntitySet Name: PurchaseOrderItemSet</DESCRIPT>
    </SEOCOMPOTX>
    <SEOCOMPOTX>
     <CLSNAME>ZCL_ZMM_PO_GOOD_RECEIP_DPC</CLSNAME>
     <CMPNAME>PURCHASEORDERITE_GET_ENTITY</CMPNAME>
     <LANGU>F</LANGU>
     <DESCRIPT>Related EntitySet Name: PurchaseOrderItemSet</DESCRIPT>
    </SEOCOMPOTX>
    <SEOCOMPOTX>
     <CLSNAME>ZCL_ZMM_PO_GOOD_RECEIP_DPC</CLSNAME>
     <CMPNAME>PURCHASEORDERITE_GET_ENTITYSET</CMPNAME>
     <LANGU>F</LANGU>
     <DESCRIPT>Related EntitySet Name: PurchaseOrderItemSet</DESCRIPT>
    </SEOCOMPOTX>
    <SEOCOMPOTX>
     <CLSNAME>ZCL_ZMM_PO_GOOD_RECEIP_DPC</CLSNAME>
     <CMPNAME>PURCHASEORDERITE_UPDATE_ENTITY</CMPNAME>
     <LANGU>F</LANGU>
     <DESCRIPT>Related EntitySet Name: PurchaseOrderItemSet</DESCRIPT>
    </SEOCOMPOTX>
    <SEOCOMPOTX>
     <CLSNAME>ZCL_ZMM_PO_GOOD_RECEIP_DPC</CLSNAME>
     <CMPNAME>PURCHASEORDERPER_CREATE_ENTITY</CMPNAME>
     <LANGU>F</LANGU>
     <DESCRIPT>Related EntitySet Name: PurchaseOrderPerVendorSHSet</DESCRIPT>
    </SEOCOMPOTX>
    <SEOCOMPOTX>
     <CLSNAME>ZCL_ZMM_PO_GOOD_RECEIP_DPC</CLSNAME>
     <CMPNAME>PURCHASEORDERPER_DELETE_ENTITY</CMPNAME>
     <LANGU>F</LANGU>
     <DESCRIPT>Related EntitySet Name: PurchaseOrderPerVendorSHSet</DESCRIPT>
    </SEOCOMPOTX>
    <SEOCOMPOTX>
     <CLSNAME>ZCL_ZMM_PO_GOOD_RECEIP_DPC</CLSNAME>
     <CMPNAME>PURCHASEORDERPER_GET_ENTITY</CMPNAME>
     <LANGU>F</LANGU>
     <DESCRIPT>Related EntitySet Name: PurchaseOrderPerVendorSHSet</DESCRIPT>
    </SEOCOMPOTX>
    <SEOCOMPOTX>
     <CLSNAME>ZCL_ZMM_PO_GOOD_RECEIP_DPC</CLSNAME>
     <CMPNAME>PURCHASEORDERPER_GET_ENTITYSET</CMPNAME>
     <LANGU>F</LANGU>
     <DESCRIPT>Related EntitySet Name: PurchaseOrderPerVendorSHSet</DESCRIPT>
    </SEOCOMPOTX>
    <SEOCOMPOTX>
     <CLSNAME>ZCL_ZMM_PO_GOOD_RECEIP_DPC</CLSNAME>
     <CMPNAME>PURCHASEORDERPER_UPDATE_ENTITY</CMPNAME>
     <LANGU>F</LANGU>
     <DESCRIPT>Related EntitySet Name: PurchaseOrderPerVendorSHSet</DESCRIPT>
    </SEOCOMPOTX>
    <SEOCOMPOTX>
     <CLSNAME>ZCL_ZMM_PO_GOOD_RECEIP_DPC</CLSNAME>
     <CMPNAME>PURCHASEORDERS01_CREATE_ENTITY</CMPNAME>
     <LANGU>F</LANGU>
     <DESCRIPT>Related EntitySet Name: PurchaseOrderSHSet</DESCRIPT>
    </SEOCOMPOTX>
    <SEOCOMPOTX>
     <CLSNAME>ZCL_ZMM_PO_GOOD_RECEIP_DPC</CLSNAME>
     <CMPNAME>PURCHASEORDERS01_DELETE_ENTITY</CMPNAME>
     <LANGU>F</LANGU>
     <DESCRIPT>Related EntitySet Name: PurchaseOrderSHSet</DESCRIPT>
    </SEOCOMPOTX>
    <SEOCOMPOTX>
     <CLSNAME>ZCL_ZMM_PO_GOOD_RECEIP_DPC</CLSNAME>
     <CMPNAME>PURCHASEORDERS01_GET_ENTITY</CMPNAME>
     <LANGU>F</LANGU>
     <DESCRIPT>Related EntitySet Name: PurchaseOrderSHSet</DESCRIPT>
    </SEOCOMPOTX>
    <SEOCOMPOTX>
     <CLSNAME>ZCL_ZMM_PO_GOOD_RECEIP_DPC</CLSNAME>
     <CMPNAME>PURCHASEORDERS01_GET_ENTITYSET</CMPNAME>
     <LANGU>F</LANGU>
     <DESCRIPT>Related EntitySet Name: PurchaseOrderSHSet</DESCRIPT>
    </SEOCOMPOTX>
    <SEOCOMPOTX>
     <CLSNAME>ZCL_ZMM_PO_GOOD_RECEIP_DPC</CLSNAME>
     <CMPNAME>PURCHASEORDERS01_UPDATE_ENTITY</CMPNAME>
     <LANGU>F</LANGU>
     <DESCRIPT>Related EntitySet Name: PurchaseOrderSHSet</DESCRIPT>
    </SEOCOMPOTX>
    <SEOCOMPOTX>
     <CLSNAME>ZCL_ZMM_PO_GOOD_RECEIP_DPC</CLSNAME>
     <CMPNAME>PURCHASEORDERSET_CREATE_ENTITY</CMPNAME>
     <LANGU>F</LANGU>
     <DESCRIPT>Related EntitySet Name: PurchaseOrderSet</DESCRIPT>
    </SEOCOMPOTX>
    <SEOCOMPOTX>
     <CLSNAME>ZCL_ZMM_PO_GOOD_RECEIP_DPC</CLSNAME>
     <CMPNAME>PURCHASEORDERSET_DELETE_ENTITY</CMPNAME>
     <LANGU>F</LANGU>
     <DESCRIPT>Related EntitySet Name: PurchaseOrderSet</DESCRIPT>
    </SEOCOMPOTX>
    <SEOCOMPOTX>
     <CLSNAME>ZCL_ZMM_PO_GOOD_RECEIP_DPC</CLSNAME>
     <CMPNAME>PURCHASEORDERSET_GET_ENTITY</CMPNAME>
     <LANGU>F</LANGU>
     <DESCRIPT>Related EntitySet Name: PurchaseOrderSet</DESCRIPT>
    </SEOCOMPOTX>
    <SEOCOMPOTX>
     <CLSNAME>ZCL_ZMM_PO_GOOD_RECEIP_DPC</CLSNAME>
     <CMPNAME>PURCHASEORDERSET_GET_ENTITYSET</CMPNAME>
     <LANGU>F</LANGU>
     <DESCRIPT>Related EntitySet Name: PurchaseOrderSet</DESCRIPT>
    </SEOCOMPOTX>
    <SEOCOMPOTX>
     <CLSNAME>ZCL_ZMM_PO_GOOD_RECEIP_DPC</CLSNAME>
     <CMPNAME>PURCHASEORDERSET_UPDATE_ENTITY</CMPNAME>
     <LANGU>F</LANGU>
     <DESCRIPT>Related EntitySet Name: PurchaseOrderSet</DESCRIPT>
    </SEOCOMPOTX>
    <SEOCOMPOTX>
     <CLSNAME>ZCL_ZMM_PO_GOOD_RECEIP_DPC</CLSNAME>
     <CMPNAME>STORAGELOCATIONS_CREATE_ENTITY</CMPNAME>
     <LANGU>F</LANGU>
     <DESCRIPT>Related EntitySet Name: StorageLocationSHSet</DESCRIPT>
    </SEOCOMPOTX>
    <SEOCOMPOTX>
     <CLSNAME>ZCL_ZMM_PO_GOOD_RECEIP_DPC</CLSNAME>
     <CMPNAME>STORAGELOCATIONS_DELETE_ENTITY</CMPNAME>
     <LANGU>F</LANGU>
     <DESCRIPT>Related EntitySet Name: StorageLocationSHSet</DESCRIPT>
    </SEOCOMPOTX>
    <SEOCOMPOTX>
     <CLSNAME>ZCL_ZMM_PO_GOOD_RECEIP_DPC</CLSNAME>
     <CMPNAME>STORAGELOCATIONS_GET_ENTITY</CMPNAME>
     <LANGU>F</LANGU>
     <DESCRIPT>Related EntitySet Name: StorageLocationSHSet</DESCRIPT>
    </SEOCOMPOTX>
    <SEOCOMPOTX>
     <CLSNAME>ZCL_ZMM_PO_GOOD_RECEIP_DPC</CLSNAME>
     <CMPNAME>STORAGELOCATIONS_GET_ENTITYSET</CMPNAME>
     <LANGU>F</LANGU>
     <DESCRIPT>Related EntitySet Name: StorageLocationSHSet</DESCRIPT>
    </SEOCOMPOTX>
    <SEOCOMPOTX>
     <CLSNAME>ZCL_ZMM_PO_GOOD_RECEIP_DPC</CLSNAME>
     <CMPNAME>STORAGELOCATIONS_UPDATE_ENTITY</CMPNAME>
     <LANGU>F</LANGU>
     <DESCRIPT>Related EntitySet Name: StorageLocationSHSet</DESCRIPT>
    </SEOCOMPOTX>
   </DESCRIPTIONS>
  </asx:values>
 </asx:abap>
</abapGit>
