﻿<?xml version="1.0" encoding="utf-8"?>
<abapGit version="v1.0.0" serializer="LCL_OBJECT_IWMO" serializer_version="v1.0.0">
 <asx:abap xmlns:asx="http://www.sap.com/abapxml" version="1.0">
  <asx:values>
   <_-IWBEP_-I_MGW_OHD>
    <_-IWBEP_-I_MGW_OHD>
     <TECHNICAL_NAME>ZMM_PO_GOOD_RECEIPT_MDL</TECHNICAL_NAME>
     <VERSION>0001</VERSION>
     <CLASS_NAME>ZCL_ZMM_PO_GOOD_RECEIP_MPC_EXT</CLASS_NAME>
     <CREATED_BY>MCHERIFI</CREATED_BY>
     <CREATED_TIMESTMP>20230324154703</CREATED_TIMESTMP>
    </_-IWBEP_-I_MGW_OHD>
   </_-IWBEP_-I_MGW_OHD>
   <_-IWBEP_-I_MGW_OHT>
    <_-IWBEP_-I_MGW_OHT>
     <TECHNICAL_NAME>ZMM_PO_GOOD_RECEIPT_MDL</TECHNICAL_NAME>
     <VERSION>0001</VERSION>
     <LANGUAGE>F</LANGUAGE>
     <DESCRIPTION>OData Service: PO Good Receipt</DESCRIPTION>
    </_-IWBEP_-I_MGW_OHT>
   </_-IWBEP_-I_MGW_OHT>
  </asx:values>
 </asx:abap>
</abapGit>
