﻿<?xml version="1.0" encoding="utf-8"?>
<abapGit version="v1.0.0" serializer="LCL_OBJECT_DTEL" serializer_version="v1.0.0">
 <asx:abap xmlns:asx="http://www.sap.com/abapxml" version="1.0">
  <asx:values>
   <DD04V>
    <ROLLNAME>ZMM_GR_REMAINING_QUANTITY</ROLLNAME>
    <DDLANGUAGE>F</DDLANGUAGE>
    <DOMNAME>MENG13</DOMNAME>
    <HEADLEN>10</HEADLEN>
    <SCRLEN1>10</SCRLEN1>
    <SCRLEN2>20</SCRLEN2>
    <SCRLEN3>20</SCRLEN3>
    <DDTEXT>Quantité restante</DDTEXT>
    <REPTEXT>Qté Rest</REPTEXT>
    <SCRTEXT_S>Qté Rest</SCRTEXT_S>
    <SCRTEXT_M>Quantité restante</SCRTEXT_M>
    <SCRTEXT_L>Quantité restante</SCRTEXT_L>
    <DTELMASTER>F</DTELMASTER>
    <REFKIND>D</REFKIND>
   </DD04V>
  </asx:values>
 </asx:abap>
</abapGit>
