﻿<?xml version="1.0" encoding="utf-8"?>
<abapGit version="v1.0.0" serializer="LCL_OBJECT_DTEL" serializer_version="v1.0.0">
 <asx:abap xmlns:asx="http://www.sap.com/abapxml" version="1.0">
  <asx:values>
   <DD04V>
    <ROLLNAME>ZMM_GR_FILE_MIME_TYPE</ROLLNAME>
    <DDLANGUAGE>F</DDLANGUAGE>
    <DOMNAME>STRING</DOMNAME>
    <HEADLEN>55</HEADLEN>
    <SCRLEN1>10</SCRLEN1>
    <SCRLEN2>20</SCRLEN2>
    <SCRLEN3>40</SCRLEN3>
    <DDTEXT>Mime type</DDTEXT>
    <REPTEXT>Mime type</REPTEXT>
    <SCRTEXT_S>Mime type</SCRTEXT_S>
    <SCRTEXT_M>Mime type</SCRTEXT_M>
    <SCRTEXT_L>Mime type</SCRTEXT_L>
    <DTELMASTER>F</DTELMASTER>
    <REFKIND>D</REFKIND>
   </DD04V>
  </asx:values>
 </asx:abap>
</abapGit>
