﻿<?xml version="1.0" encoding="utf-8"?>
<abapGit version="v1.0.0" serializer="LCL_OBJECT_CLAS" serializer_version="v1.0.0">
 <asx:abap xmlns:asx="http://www.sap.com/abapxml" version="1.0">
  <asx:values>
   <VSEOCLASS>
    <CLSNAME>ZCL_GOOD_RECEIPT_HELPER</CLSNAME>
    <LANGU>F</LANGU>
    <DESCRIPT>Fiori App Good Receipt helper class</DESCRIPT>
    <STATE>1</STATE>
    <CLSCCINCL>X</CLSCCINCL>
    <FIXPT>X</FIXPT>
    <UNICODE>X</UNICODE>
   </VSEOCLASS>
   <DESCRIPTIONS>
    <SEOCOMPOTX>
     <CLSNAME>ZCL_GOOD_RECEIPT_HELPER</CLSNAME>
     <CMPNAME>GET_BATCHES_FOR_ITEMS</CMPNAME>
     <LANGU>F</LANGU>
     <DESCRIPT>calcule le lot pour chaque poste de commande d&apos;achat</DESCRIPT>
    </SEOCOMPOTX>
    <SEOCOMPOTX>
     <CLSNAME>ZCL_GOOD_RECEIPT_HELPER</CLSNAME>
     <CMPNAME>PERFORM_PO_GOOD_RECEIPT</CMPNAME>
     <LANGU>F</LANGU>
     <DESCRIPT>Exécute une entrée de marchandise sur une commande d&apos;achat</DESCRIPT>
    </SEOCOMPOTX>
   </DESCRIPTIONS>
  </asx:values>
 </asx:abap>
</abapGit>
